HOSTNAME, OBSERVATION, CLOCK, TIME, LATITUDE, LONGITUDE, HORIZONTAL, MSL, WGS84, VERTICAL, SPEED, COURSE
"vagabund", 1, 1589477745.079040166, 1589477745.000000000, 39.821669917, -105.095168064, 0.4755, 1722.2554, 1700.7304, 0.6889, 0.001000, 0.000000000
"vagabund", 2, 1589477746.072210885, 1589477746.000000000, 39.821669856, -105.095168050, 0.4758, 1722.2447, 1700.7198, 0.6893, 0.007000, 0.000000000
"vagabund", 3, 1589477747.075097333, 1589477747.000000000, 39.821669790, -105.095168051, 0.4761, 1722.2324, 1700.7074, 0.6897, 0.005000, 0.000000000
"vagabund", 4, 1589477748.078717547, 1589477747.000000000, 39.821669727, -105.095168035, 0.4763, 1722.2227, 1700.6978, 0.6899, 0.005000, 0.000000000
"vagabund", 5, 1589477749.084201330, 1589477749.000000000, 39.821669666, -105.095168037, 0.4766, 1722.2103, 1700.6854, 0.6904, 0.004000, 0.000000000
"vagabund", 6, 1589477750.077857513, 1589477750.000000000, 39.821669607, -105.095168021, 0.4770, 1722.1992, 1700.6743, 0.6908, 0.002000, 0.000000000
"vagabund", 7, 1589477751.082697863, 1589477751.000000000, 39.821669551, -105.095168018, 0.4773, 1722.1874, 1700.6625, 0.6911, 0.004000, 0.000000000
"vagabund", 8, 1589477752.078262706, 1589477752.000000000, 39.821669494, -105.095167975, 0.4775, 1722.1721, 1700.6472, 0.6912, 0.002000, 0.000000000
"vagabund", 9, 1589477753.081702098, 1589477753.000000000, 39.821669440, -105.095167927, 0.4777, 1722.1534, 1700.6285, 0.6912, 0.003000, 0.000000000
"vagabund", 10, 1589477754.077682686, 1589477753.000000000, 39.821669388, -105.095167905, 0.4779, 1722.1421, 1700.6172, 0.6911, 0.003000, 0.000000000
"vagabund", 11, 1589477755.073838779, 1589477755.000000000, 39.821669334, -105.095167878, 0.4780, 1722.1326, 1700.6076, 0.6910, 0.003000, 0.000000000
"vagabund", 12, 1589477756.096358283, 1589477755.000000000, 39.821669782, -105.095168477, 0.4585, 1722.1016, 1700.5767, 0.6656, 0.003000, 0.000000000
"vagabund", 13, 1589477757.101850268, 1589477757.000000000, 39.821674255, -105.095174797, 0.0141, 1722.1266, 1700.6017, 0.0100, 0.004000, 0.000000000
"vagabund", 14, 1589477758.107696240, 1589477758.000000000, 39.821674262, -105.095174812, 0.0141, 1722.1233, 1700.5983, 0.0100, 0.009000, 0.000000000
"vagabund", 15, 1589477759.095311555, 1589477758.000000000, 39.821674254, -105.095174831, 0.0141, 1722.1205, 1700.5955, 0.0100, 0.009000, 0.000000000
"vagabund", 16, 1589477760.112377154, 1589477760.000000000, 39.821674270, -105.095174798, 0.0141, 1722.1240, 1700.5991, 0.0100, 0.012000, 0.000000000
"vagabund", 17, 1589477761.097589042, 1589477761.000000000, 39.821674270, -105.095174808, 0.0141, 1722.1201, 1700.5952, 0.0100, 0.003000, 0.000000000
"vagabund", 18, 1589477762.097079363, 1589477761.000000000, 39.821674275, -105.095174831, 0.0141, 1722.1207, 1700.5958, 0.0100, 0.003000, 0.000000000
"vagabund", 19, 1589477763.099377333, 1589477763.000000000, 39.821674277, -105.095174836, 0.0141, 1722.1211, 1700.5962, 0.0100, 0.006000, 0.000000000
"vagabund", 20, 1589477764.089394012, 1589477763.000000000, 39.821674259, -105.095174825, 0.0141, 1722.1194, 1700.5945, 0.0100, 0.006000, 0.000000000
"vagabund", 21, 1589477765.092772336, 1589477765.000000000, 39.821674258, -105.095174819, 0.0141, 1722.1251, 1700.6001, 0.0100, 0.005000, 0.000000000
"vagabund", 22, 1589477766.104744455, 1589477766.000000000, 39.821674254, -105.095174831, 0.0141, 1722.1211, 1700.5962, 0.0100, 0.005000, 0.000000000
"vagabund", 23, 1589477767.102171769, 1589477766.000000000, 39.821674238, -105.095174816, 0.0141, 1722.1213, 1700.5964, 0.0100, 0.005000, 0.000000000
"vagabund", 24, 1589477768.093336221, 1589477768.000000000, 39.821674234, -105.095174814, 0.0141, 1722.1219, 1700.5970, 0.0100, 0.003000, 0.000000000
"vagabund", 25, 1589477769.101460316, 1589477769.000000000, 39.821674248, -105.095174831, 0.0141, 1722.1206, 1700.5957, 0.0100, 0.003000, 0.000000000
"vagabund", 26, 1589477770.095050176, 1589477769.000000000, 39.821674236, -105.095174845, 0.0141, 1722.1219, 1700.5969, 0.0100, 0.003000, 0.000000000
"vagabund", 27, 1589477771.097306434, 1589477771.000000000, 39.821674242, -105.095174816, 0.0141, 1722.1225, 1700.5976, 0.0100, 0.005000, 0.000000000
"vagabund", 28, 1589477772.096181705, 1589477772.000000000, 39.821674225, -105.095174820, 0.0141, 1722.1242, 1700.5993, 0.0100, 0.014000, 0.000000000
"vagabund", 29, 1589477773.091182620, 1589477773.000000000, 39.821674257, -105.095174851, 0.0141, 1722.1187, 1700.5938, 0.0100, 0.008000, 0.000000000
"vagabund", 30, 1589477774.096690025, 1589477773.000000000, 39.821674236, -105.095174840, 0.0141, 1722.1227, 1700.5978, 0.0100, 0.008000, 0.000000000
"vagabund", 31, 1589477775.111523597, 1589477775.000000000, 39.821674246, -105.095174856, 0.0141, 1722.1235, 1700.5986, 0.0100, 0.000000, 0.000000000
"vagabund", 32, 1589477776.104096745, 1589477776.000000000, 39.821674256, -105.095174823, 0.0141, 1722.1226, 1700.5977, 0.0100, 0.005000, 0.000000000
"vagabund", 33, 1589477777.093169898, 1589477777.000000000, 39.821674249, -105.095174825, 0.0141, 1722.1240, 1700.5991, 0.0100, 0.004000, 0.000000000
"vagabund", 34, 1589477778.101030915, 1589477778.000000000, 39.821674240, -105.095174823, 0.0141, 1722.1216, 1700.5967, 0.0100, 0.002000, 0.000000000
"vagabund", 35, 1589477779.096210803, 1589477779.000000000, 39.821674234, -105.095174829, 0.0141, 1722.1239, 1700.5989, 0.0100, 0.005000, 0.000000000
"vagabund", 36, 1589477780.095730783, 1589477779.000000000, 39.821674240, -105.095174823, 0.0141, 1722.1229, 1700.5980, 0.0100, 0.005000, 0.000000000
"vagabund", 37, 1589477781.098647088, 1589477780.000000000, 39.821674237, -105.095174839, 0.0141, 1722.1256, 1700.6006, 0.0100, 0.003000, 0.000000000
"vagabund", 38, 1589477782.092803478, 1589477781.000000000, 39.821674242, -105.095174822, 0.0141, 1722.1236, 1700.5986, 0.0100, 0.003000, 0.000000000
"vagabund", 39, 1589477783.103912904, 1589477783.000000000, 39.821674232, -105.095174842, 0.0141, 1722.1245, 1700.5996, 0.0100, 0.007000, 0.000000000
"vagabund", 40, 1589477784.105797587, 1589477783.000000000, 39.821674229, -105.095174838, 0.0141, 1722.1251, 1700.6002, 0.0100, 0.007000, 0.000000000
"vagabund", 41, 1589477785.095780484, 1589477784.000000000, 39.821674246, -105.095174834, 0.0141, 1722.1240, 1700.5990, 0.0100, 0.009000, 0.000000000
"vagabund", 42, 1589477786.103732425, 1589477785.000000000, 39.821674237, -105.095174809, 0.0141, 1722.1290, 1700.6041, 0.0100, 0.009000, 0.000000000
"vagabund", 43, 1589477787.101132062, 1589477787.000000000, 39.821674249, -105.095174818, 0.0141, 1722.1244, 1700.5995, 0.0100, 0.004000, 0.000000000
"vagabund", 44, 1589477788.096870440, 1589477788.000000000, 39.821674225, -105.095174828, 0.0141, 1722.1250, 1700.6001, 0.0100, 0.011000, 0.000000000
"vagabund", 45, 1589477789.095615000, 1589477789.000000000, 39.821674244, -105.095174832, 0.0141, 1722.1238, 1700.5989, 0.0100, 0.006000, 0.000000000
"vagabund", 46, 1589477790.105783104, 1589477789.000000000, 39.821674225, -105.095174811, 0.0141, 1722.1243, 1700.5994, 0.0100, 0.006000, 0.000000000
"vagabund", 47, 1589477791.088759638, 1589477791.000000000, 39.821674236, -105.095174851, 0.0141, 1722.1253, 1700.6003, 0.0100, 0.006000, 0.000000000
"vagabund", 48, 1589477792.097262248, 1589477791.000000000, 39.821674240, -105.095174880, 0.0141, 1722.1240, 1700.5991, 0.0100, 0.006000, 0.000000000
"vagabund", 49, 1589477793.095626652, 1589477792.000000000, 39.821674246, -105.095174851, 0.0141, 1722.1253, 1700.6004, 0.0100, 0.004000, 0.000000000
"vagabund", 50, 1589477794.103811272, 1589477794.000000000, 39.821674227, -105.095174829, 0.0141, 1722.1270, 1700.6021, 0.0100, 0.005000, 0.000000000
"vagabund", 51, 1589477795.093415530, 1589477794.000000000, 39.821674224, -105.095174864, 0.0141, 1722.1274, 1700.6024, 0.0100, 0.005000, 0.000000000
"vagabund", 52, 1589477796.107379761, 1589477795.000000000, 39.821674214, -105.095174848, 0.0141, 1722.1313, 1700.6063, 0.0100, 0.009000, 0.000000000
"vagabund", 53, 1589477797.101477163, 1589477796.000000000, 39.821674211, -105.095174851, 0.0141, 1722.1319, 1700.6070, 0.0100, 0.011000, 0.000000000
"vagabund", 54, 1589477798.103860720, 1589477798.000000000, 39.821674221, -105.095174868, 0.0141, 1722.1300, 1700.6051, 0.0100, 0.007000, 0.000000000
"vagabund", 55, 1589477799.096680840, 1589477799.000000000, 39.821674207, -105.095174826, 0.0141, 1722.1320, 1700.6070, 0.0100, 0.004000, 0.000000000
"vagabund", 56, 1589477800.090433930, 1589477800.000000000, 39.821674221, -105.095174852, 0.0141, 1722.1326, 1700.6077, 0.0100, 0.005000, 0.000000000
"vagabund", 57, 1589477801.100391133, 1589477801.000000000, 39.821674220, -105.095174866, 0.0141, 1722.1299, 1700.6050, 0.0100, 0.007000, 0.000000000
"vagabund", 58, 1589477802.107308424, 1589477801.000000000, 39.821674202, -105.095174848, 0.0141, 1722.1349, 1700.6100, 0.0100, 0.007000, 0.000000000
"vagabund", 59, 1589477803.095701646, 1589477803.000000000, 39.821674218, -105.095174865, 0.0141, 1722.1336, 1700.6087, 0.0100, 0.004000, 0.000000000
"vagabund", 60, 1589477804.096601295, 1589477803.000000000, 39.821674199, -105.095174825, 0.0141, 1722.1342, 1700.6093, 0.0100, 0.004000, 0.000000000
"vagabund", 61, 1589477805.097363536, 1589477805.000000000, 39.821674210, -105.095174847, 0.0141, 1722.1335, 1700.6086, 0.0100, 0.005000, 0.000000000
"vagabund", 62, 1589477806.110427629, 1589477806.000000000, 39.821674199, -105.095174826, 0.0141, 1722.1303, 1700.6053, 0.0100, 0.002000, 0.000000000
"vagabund", 63, 1589477807.101403606, 1589477807.000000000, 39.821674186, -105.095174808, 0.0141, 1722.1389, 1700.6140, 0.0100, 0.004000, 0.000000000
"vagabund", 64, 1589477808.100389499, 1589477808.000000000, 39.821674189, -105.095174827, 0.0141, 1722.1354, 1700.6104, 0.0100, 0.003000, 0.000000000
"vagabund", 65, 1589477809.093458388, 1589477809.000000000, 39.821674216, -105.095174814, 0.0141, 1722.1396, 1700.6147, 0.0100, 0.004000, 0.000000000
"vagabund", 66, 1589477810.093411190, 1589477810.000000000, 39.821674228, -105.095174779, 0.0141, 1722.1309, 1700.6060, 0.0100, 0.004000, 0.000000000
"vagabund", 67, 1589477811.100215302, 1589477811.000000000, 39.821674212, -105.095174799, 0.0141, 1722.1370, 1700.6121, 0.0100, 0.006000, 0.000000000
"vagabund", 68, 1589477812.101841239, 1589477811.000000000, 39.821674205, -105.095174800, 0.0141, 1722.1348, 1700.6098, 0.0100, 0.006000, 0.000000000
"vagabund", 69, 1589477813.099346828, 1589477813.000000000, 39.821674205, -105.095174816, 0.0141, 1722.1369, 1700.6120, 0.0100, 0.007000, 0.000000000
"vagabund", 70, 1589477814.117167177, 1589477814.000000000, 39.821674220, -105.095174783, 0.0141, 1722.1334, 1700.6084, 0.0100, 0.002000, 0.000000000
"vagabund", 71, 1589477815.096968433, 1589477814.000000000, 39.821674225, -105.095174771, 0.0141, 1722.1319, 1700.6070, 0.0100, 0.002000, 0.000000000
"vagabund", 72, 1589477816.098075822, 1589477816.000000000, 39.821674217, -105.095174772, 0.0141, 1722.1326, 1700.6077, 0.0100, 0.001000, 0.000000000
"vagabund", 73, 1589477817.094897763, 1589477816.000000000, 39.821674200, -105.095174807, 0.0141, 1722.1382, 1700.6133, 0.0100, 0.001000, 0.000000000
"vagabund", 74, 1589477818.089994118, 1589477818.000000000, 39.821674213, -105.095174753, 0.0141, 1722.1347, 1700.6098, 0.0100, 0.006000, 0.000000000
"vagabund", 75, 1589477819.092741236, 1589477818.000000000, 39.821674188, -105.095174795, 0.0141, 1722.1353, 1700.6103, 0.0100, 0.006000, 0.000000000
"vagabund", 76, 1589477820.104812967, 1589477820.000000000, 39.821674206, -105.095174750, 0.0141, 1722.1316, 1700.6067, 0.0100, 0.007000, 0.000000000
"vagabund", 77, 1589477821.098768780, 1589477821.000000000, 39.821674201, -105.095174768, 0.0141, 1722.1295, 1700.6046, 0.0100, 0.005000, 0.000000000
"vagabund", 78, 1589477822.102770640, 1589477821.000000000, 39.821674207, -105.095174765, 0.0141, 1722.1301, 1700.6052, 0.0100, 0.005000, 0.000000000
"vagabund", 79, 1589477823.099741623, 1589477823.000000000, 39.821674198, -105.095174794, 0.0141, 1722.1306, 1700.6057, 0.0100, 0.004000, 0.000000000
"vagabund", 80, 1589477824.106015814, 1589477823.000000000, 39.821674196, -105.095174816, 0.0141, 1722.1354, 1700.6105, 0.0100, 0.004000, 0.000000000
"vagabund", 81, 1589477825.097599958, 1589477825.000000000, 39.821674194, -105.095174772, 0.0141, 1722.1312, 1700.6063, 0.0100, 0.005000, 0.000000000
"vagabund", 82, 1589477826.093518519, 1589477825.000000000, 39.821674200, -105.095174778, 0.0141, 1722.1311, 1700.6061, 0.0100, 0.005000, 0.000000000
"vagabund", 83, 1589477827.087888673, 1589477827.000000000, 39.821674203, -105.095174793, 0.0141, 1722.1320, 1700.6070, 0.0100, 0.004000, 0.000000000
"vagabund", 84, 1589477828.094601362, 1589477827.000000000, 39.821674203, -105.095174771, 0.0141, 1722.1315, 1700.6066, 0.0100, 0.004000, 0.000000000
"vagabund", 85, 1589477829.092601092, 1589477828.000000000, 39.821674204, -105.095174776, 0.0141, 1722.1351, 1700.6102, 0.0100, 0.008000, 0.000000000
"vagabund", 86, 1589477830.103267878, 1589477830.000000000, 39.821674206, -105.095174764, 0.0141, 1722.1333, 1700.6084, 0.0100, 0.002000, 0.000000000
"vagabund", 87, 1589477831.096490018, 1589477830.000000000, 39.821674197, -105.095174755, 0.0141, 1722.1351, 1700.6102, 0.0100, 0.002000, 0.000000000
"vagabund", 88, 1589477832.104704968, 1589477832.000000000, 39.821674195, -105.095174774, 0.0141, 1722.1320, 1700.6071, 0.0100, 0.005000, 0.000000000
"vagabund", 89, 1589477833.094499315, 1589477832.000000000, 39.821674202, -105.095174782, 0.0141, 1722.1333, 1700.6083, 0.0100, 0.005000, 0.000000000
"vagabund", 90, 1589477834.092894030, 1589477834.000000000, 39.821674207, -105.095174775, 0.0141, 1722.1312, 1700.6063, 0.0100, 0.006000, 0.000000000
"vagabund", 91, 1589477835.092456885, 1589477834.000000000, 39.821674208, -105.095174760, 0.0141, 1722.1324, 1700.6075, 0.0100, 0.006000, 0.000000000
"vagabund", 92, 1589477836.089623970, 1589477836.000000000, 39.821674208, -105.095174766, 0.0141, 1722.1285, 1700.6036, 0.0100, 0.004000, 0.000000000
"vagabund", 93, 1589477837.092643576, 1589477837.000000000, 39.821674215, -105.095174767, 0.0141, 1722.1320, 1700.6070, 0.0100, 0.008000, 0.000000000
"vagabund", 94, 1589477838.102465639, 1589477837.000000000, 39.821674206, -105.095174784, 0.0141, 1722.1318, 1700.6069, 0.0100, 0.008000, 0.000000000
"vagabund", 95, 1589477839.100620227, 1589477838.000000000, 39.821674215, -105.095174796, 0.0141, 1722.1362, 1700.6113, 0.0100, 0.004000, 0.000000000
"vagabund", 96, 1589477840.094495930, 1589477839.000000000, 39.821674193, -105.095174769, 0.0141, 1722.1359, 1700.6110, 0.0100, 0.008000, 0.000000000
"vagabund", 97, 1589477841.095697862, 1589477840.000000000, 39.821674195, -105.095174750, 0.0141, 1722.1354, 1700.6105, 0.0100, 0.006000, 0.000000000
"vagabund", 98, 1589477842.097790704, 1589477842.000000000, 39.821674182, -105.095174742, 0.0141, 1722.1390, 1700.6141, 0.0100, 0.003000, 0.000000000
"vagabund", 99, 1589477843.097000136, 1589477843.000000000, 39.821674174, -105.095174739, 0.0141, 1722.1374, 1700.6125, 0.0100, 0.006000, 0.000000000
"vagabund", 100, 1589477844.094443704, 1589477843.000000000, 39.821674188, -105.095174741, 0.0141, 1722.1361, 1700.6112, 0.0100, 0.006000, 0.000000000
"vagabund", 101, 1589477845.090009998, 1589477845.000000000, 39.821674186, -105.095174743, 0.0141, 1722.1362, 1700.6113, 0.0100, 0.008000, 0.000000000
"vagabund", 102, 1589477846.094777800, 1589477845.000000000, 39.821674181, -105.095174736, 0.0141, 1722.1358, 1700.6108, 0.0100, 0.008000, 0.000000000
"vagabund", 103, 1589477847.097068877, 1589477847.000000000, 39.821674190, -105.095174739, 0.0141, 1722.1349, 1700.6100, 0.0100, 0.009000, 0.000000000
"vagabund", 104, 1589477848.096261641, 1589477847.000000000, 39.821674191, -105.095174739, 0.0141, 1722.1339, 1700.6090, 0.0100, 0.009000, 0.000000000
"vagabund", 105, 1589477849.093263475, 1589477849.000000000, 39.821674207, -105.095174730, 0.0141, 1722.1327, 1700.6078, 0.0100, 0.006000, 0.000000000
"vagabund", 106, 1589477850.097177347, 1589477850.000000000, 39.821674188, -105.095174743, 0.0141, 1722.1310, 1700.6061, 0.0100, 0.008000, 0.000000000
"vagabund", 107, 1589477851.098528086, 1589477850.000000000, 39.821674206, -105.095174743, 0.0141, 1722.1325, 1700.6076, 0.0100, 0.008000, 0.000000000
"vagabund", 108, 1589477852.093502000, 1589477852.000000000, 39.821674201, -105.095174711, 0.0141, 1722.1336, 1700.6087, 0.0100, 0.004000, 0.000000000
"vagabund", 109, 1589477853.092306734, 1589477852.000000000, 39.821674194, -105.095174738, 0.0141, 1722.1375, 1700.6126, 0.0100, 0.004000, 0.000000000
"vagabund", 110, 1589477854.088360050, 1589477853.000000000, 39.821674172, -105.095174710, 0.0141, 1722.1362, 1700.6113, 0.0100, 0.003000, 0.000000000
"vagabund", 111, 1589477855.093431109, 1589477854.000000000, 39.821674202, -105.095174721, 0.0141, 1722.1282, 1700.6033, 0.0100, 0.009000, 0.000000000
"vagabund", 112, 1589477856.105717077, 1589477856.000000000, 39.821674208, -105.095174746, 0.0141, 1722.1298, 1700.6049, 0.0100, 0.005000, 0.000000000
"vagabund", 113, 1589477857.095353293, 1589477856.000000000, 39.821674207, -105.095174726, 0.0141, 1722.1264, 1700.6015, 0.0100, 0.005000, 0.000000000
"vagabund", 114, 1589477858.093383269, 1589477857.000000000, 39.821674219, -105.095174753, 0.0141, 1722.1250, 1700.6001, 0.0100, 0.009000, 0.000000000
"vagabund", 115, 1589477859.097465401, 1589477858.000000000, 39.821674226, -105.095174749, 0.0141, 1722.1253, 1700.6004, 0.0100, 0.006000, 0.000000000
"vagabund", 116, 1589477860.101919049, 1589477860.000000000, 39.821674220, -105.095174761, 0.0141, 1722.1206, 1700.5957, 0.0100, 0.007000, 0.000000000
"vagabund", 117, 1589477861.091765353, 1589477861.000000000, 39.821674189, -105.095174763, 0.0141, 1722.1245, 1700.5996, 0.0100, 0.002000, 0.000000000
"vagabund", 118, 1589477862.094979095, 1589477862.000000000, 39.821674210, -105.095174763, 0.0141, 1722.1253, 1700.6004, 0.0100, 0.005000, 0.000000000
"vagabund", 119, 1589477863.091021512, 1589477863.000000000, 39.821674224, -105.095174732, 0.0141, 1722.1283, 1700.6034, 0.0100, 0.010000, 0.000000000
"vagabund", 120, 1589477864.093902155, 1589477864.000000000, 39.821674215, -105.095174742, 0.0141, 1722.1234, 1700.5985, 0.0100, 0.012000, 0.000000000
"vagabund", 121, 1589477865.094685106, 1589477864.000000000, 39.821674240, -105.095174751, 0.0141, 1722.1242, 1700.5993, 0.0100, 0.012000, 0.000000000
"vagabund", 122, 1589477866.100060206, 1589477866.000000000, 39.821674205, -105.095174759, 0.0141, 1722.1211, 1700.5962, 0.0100, 0.008000, 0.000000000
"vagabund", 123, 1589477867.100679492, 1589477866.000000000, 39.821674195, -105.095174740, 0.0141, 1722.1212, 1700.5963, 0.0100, 0.008000, 0.000000000
"vagabund", 124, 1589477868.104208518, 1589477868.000000000, 39.821674212, -105.095174734, 0.0141, 1722.1210, 1700.5961, 0.0100, 0.003000, 0.000000000
"vagabund", 125, 1589477869.094057646, 1589477868.000000000, 39.821674232, -105.095174730, 0.0141, 1722.1268, 1700.6019, 0.0100, 0.003000, 0.000000000
"vagabund", 126, 1589477870.094237109, 1589477870.000000000, 39.821674215, -105.095174718, 0.0141, 1722.1224, 1700.5974, 0.0100, 0.007000, 0.000000000
"vagabund", 127, 1589477871.093132560, 1589477870.000000000, 39.821674233, -105.095174723, 0.0141, 1722.1225, 1700.5976, 0.0100, 0.007000, 0.000000000
"vagabund", 128, 1589477872.091205892, 1589477872.000000000, 39.821674217, -105.095174722, 0.0141, 1722.1233, 1700.5984, 0.0100, 0.009000, 0.000000000
"vagabund", 129, 1589477873.121256769, 1589477873.000000000, 39.821674195, -105.095174759, 0.0141, 1722.1199, 1700.5949, 0.0100, 0.008000, 0.000000000
"vagabund", 130, 1589477874.113662899, 1589477874.000000000, 39.821674195, -105.095174746, 0.0141, 1722.1194, 1700.5945, 0.0100, 0.006000, 0.000000000
"vagabund", 131, 1589477875.098254309, 1589477875.000000000, 39.821674213, -105.095174745, 0.0141, 1722.1219, 1700.5969, 0.0100, 0.002000, 0.000000000
"vagabund", 132, 1589477876.103222203, 1589477875.000000000, 39.821674182, -105.095174718, 0.0141, 1722.1218, 1700.5969, 0.0100, 0.002000, 0.000000000
"vagabund", 133, 1589477877.100375272, 1589477877.000000000, 39.821674191, -105.095174732, 0.0141, 1722.1233, 1700.5984, 0.0100, 0.007000, 0.000000000
"vagabund", 134, 1589477878.103253757, 1589477877.000000000, 39.821674225, -105.095174734, 0.0141, 1722.1231, 1700.5982, 0.0100, 0.007000, 0.000000000
"vagabund", 135, 1589477879.094417590, 1589477878.000000000, 39.821674196, -105.095174729, 0.0141, 1722.1221, 1700.5972, 0.0100, 0.006000, 0.000000000
"vagabund", 136, 1589477880.099643967, 1589477880.000000000, 39.821674206, -105.095174711, 0.0141, 1722.1261, 1700.6011, 0.0100, 0.003000, 0.000000000
"vagabund", 137, 1589477881.094727991, 1589477881.000000000, 39.821674197, -105.095174744, 0.0141, 1722.1285, 1700.6035, 0.0100, 0.008000, 0.000000000
"vagabund", 138, 1589477882.094674378, 1589477882.000000000, 39.821674196, -105.095174728, 0.0141, 1722.1256, 1700.6006, 0.0100, 0.004000, 0.000000000
"vagabund", 139, 1589477883.101272670, 1589477883.000000000, 39.821674200, -105.095174725, 0.0141, 1722.1286, 1700.6037, 0.0100, 0.005000, 0.000000000
"vagabund", 140, 1589477884.105179611, 1589477883.000000000, 39.821674202, -105.095174737, 0.0141, 1722.1254, 1700.6005, 0.0100, 0.005000, 0.000000000
"vagabund", 141, 1589477885.094806764, 1589477885.000000000, 39.821674209, -105.095174709, 0.0141, 1722.1294, 1700.6044, 0.0100, 0.007000, 0.000000000
"vagabund", 142, 1589477886.100008175, 1589477886.000000000, 39.821674192, -105.095174724, 0.0141, 1722.1244, 1700.5995, 0.0100, 0.001000, 0.000000000
"vagabund", 143, 1589477887.105652203, 1589477887.000000000, 39.821674202, -105.095174725, 0.0141, 1722.1248, 1700.5999, 0.0100, 0.005000, 0.000000000
"vagabund", 144, 1589477888.094872464, 1589477888.000000000, 39.821674199, -105.095174743, 0.0141, 1722.1266, 1700.6016, 0.0100, 0.014000, 0.000000000
"vagabund", 145, 1589477889.094886810, 1589477889.000000000, 39.821674213, -105.095174720, 0.0141, 1722.1246, 1700.5997, 0.0100, 0.010000, 0.000000000
"vagabund", 146, 1589477890.095008814, 1589477890.000000000, 39.821674216, -105.095174739, 0.0141, 1722.1280, 1700.6031, 0.0100, 0.007000, 0.000000000
"vagabund", 147, 1589477891.098513489, 1589477890.000000000, 39.821674198, -105.095174749, 0.0141, 1722.1225, 1700.5976, 0.0100, 0.007000, 0.000000000
"vagabund", 148, 1589477892.103226643, 1589477892.000000000, 39.821674198, -105.095174738, 0.0141, 1722.1264, 1700.6015, 0.0100, 0.010000, 0.000000000
"vagabund", 149, 1589477893.098935000, 1589477892.000000000, 39.821674208, -105.095174765, 0.0141, 1722.1222, 1700.5973, 0.0100, 0.010000, 0.000000000
"vagabund", 150, 1589477894.095454218, 1589477894.000000000, 39.821674191, -105.095174741, 0.0141, 1722.1298, 1700.6049, 0.0100, 0.011000, 0.000000000
"vagabund", 151, 1589477895.094877446, 1589477894.000000000, 39.821674184, -105.095174716, 0.0141, 1722.1265, 1700.6016, 0.0100, 0.011000, 0.000000000
"vagabund", 152, 1589477896.105009225, 1589477895.000000000, 39.821674183, -105.095174713, 0.0141, 1722.1283, 1700.6034, 0.0100, 0.002000, 0.000000000
"vagabund", 153, 1589477897.101170776, 1589477896.000000000, 39.821674174, -105.095174736, 0.0141, 1722.1303, 1700.6054, 0.0100, 0.004000, 0.000000000
"vagabund", 154, 1589477898.096612616, 1589477897.000000000, 39.821674170, -105.095174744, 0.0141, 1722.1301, 1700.6051, 0.0100, 0.002000, 0.000000000
"vagabund", 155, 1589477899.094374851, 1589477899.000000000, 39.821674191, -105.095174749, 0.0141, 1722.1314, 1700.6065, 0.0100, 0.007000, 0.000000000
"vagabund", 156, 1589477900.101069271, 1589477900.000000000, 39.821674178, -105.095174733, 0.0141, 1722.1335, 1700.6086, 0.0100, 0.001000, 0.000000000
"vagabund", 157, 1589477901.095480872, 1589477901.000000000, 39.821674189, -105.095174745, 0.0141, 1722.1285, 1700.6036, 0.0100, 0.005000, 0.000000000
"vagabund", 158, 1589477902.097467839, 1589477902.000000000, 39.821674180, -105.095174794, 0.0141, 1722.1222, 1700.5973, 0.0100, 0.005000, 0.000000000
"vagabund", 159, 1589477903.092984118, 1589477903.000000000, 39.821674187, -105.095174814, 0.0141, 1722.1240, 1700.5991, 0.0100, 0.011000, 0.000000000
"vagabund", 160, 1589477904.101414173, 1589477904.000000000, 39.821674230, -105.095174796, 0.0141, 1722.1282, 1700.6033, 0.0100, 0.006000, 0.000000000
"vagabund", 161, 1589477905.103118322, 1589477905.000000000, 39.821674234, -105.095174801, 0.0141, 1722.1237, 1700.5988, 0.0100, 0.006000, 0.000000000
"vagabund", 162, 1589477906.093445213, 1589477905.000000000, 39.821674241, -105.095174793, 0.0141, 1722.1252, 1700.6003, 0.0100, 0.006000, 0.000000000
"vagabund", 163, 1589477907.094431115, 1589477906.000000000, 39.821674237, -105.095174795, 0.0141, 1722.1247, 1700.5998, 0.0100, 0.008000, 0.000000000
"vagabund", 164, 1589477908.089646095, 1589477908.000000000, 39.821674212, -105.095174788, 0.0141, 1722.1323, 1700.6074, 0.0100, 0.010000, 0.000000000
"vagabund", 165, 1589477909.093723876, 1589477909.000000000, 39.821674193, -105.095174772, 0.0141, 1722.1285, 1700.6035, 0.0100, 0.013000, 0.000000000
"vagabund", 166, 1589477910.098996388, 1589477910.000000000, 39.821674213, -105.095174767, 0.0141, 1722.1290, 1700.6041, 0.0100, 0.012000, 0.000000000
"vagabund", 167, 1589477911.097823530, 1589477911.000000000, 39.821674233, -105.095174864, 0.0141, 1722.1272, 1700.6023, 0.0100, 0.006000, 0.000000000
"vagabund", 168, 1589477912.094697069, 1589477911.000000000, 39.821674245, -105.095174801, 0.0141, 1722.1219, 1700.5970, 0.0100, 0.006000, 0.000000000
"vagabund", 169, 1589477913.100813471, 1589477912.000000000, 39.821674234, -105.095174814, 0.0141, 1722.1232, 1700.5982, 0.0100, 0.008000, 0.000000000
"vagabund", 170, 1589477914.098216879, 1589477914.000000000, 39.821674239, -105.095174809, 0.0141, 1722.1228, 1700.5979, 0.0100, 0.005000, 0.000000000
"vagabund", 171, 1589477915.094166754, 1589477915.000000000, 39.821674209, -105.095174807, 0.0141, 1722.1234, 1700.5985, 0.0100, 0.005000, 0.000000000
"vagabund", 172, 1589477916.095217166, 1589477916.000000000, 39.821674246, -105.095174803, 0.0141, 1722.1270, 1700.6021, 0.0100, 0.007000, 0.000000000
"vagabund", 173, 1589477917.089869665, 1589477916.000000000, 39.821674248, -105.095174815, 0.0141, 1722.1261, 1700.6012, 0.0100, 0.007000, 0.000000000
"vagabund", 174, 1589477918.094114878, 1589477918.000000000, 39.821674262, -105.095174827, 0.0141, 1722.1262, 1700.6013, 0.0100, 0.005000, 0.000000000
"vagabund", 175, 1589477919.095307131, 1589477919.000000000, 39.821674216, -105.095174801, 0.0141, 1722.1229, 1700.5980, 0.0100, 0.004000, 0.000000000
"vagabund", 176, 1589477920.095974685, 1589477919.000000000, 39.821674207, -105.095174800, 0.0141, 1722.1199, 1700.5950, 0.0100, 0.004000, 0.000000000
"vagabund", 177, 1589477921.098047289, 1589477920.000000000, 39.821674202, -105.095174819, 0.0141, 1722.1187, 1700.5938, 0.0100, 0.004000, 0.000000000
"vagabund", 178, 1589477922.096671193, 1589477921.000000000, 39.821674209, -105.095174808, 0.0141, 1722.1235, 1700.5986, 0.0100, 0.006000, 0.000000000
"vagabund", 179, 1589477923.096379304, 1589477923.000000000, 39.821674219, -105.095174798, 0.0141, 1722.1239, 1700.5990, 0.0100, 0.006000, 0.000000000
"vagabund", 180, 1589477924.094219965, 1589477923.000000000, 39.821674196, -105.095174789, 0.0141, 1722.1235, 1700.5986, 0.0100, 0.006000, 0.000000000
"vagabund", 181, 1589477925.095464284, 1589477925.000000000, 39.821674201, -105.095174825, 0.0141, 1722.1208, 1700.5958, 0.0100, 0.009000, 0.000000000
"vagabund", 182, 1589477926.087285547, 1589477925.000000000, 39.821674194, -105.095174826, 0.0141, 1722.1256, 1700.6006, 0.0100, 0.009000, 0.000000000
"vagabund", 183, 1589477927.093188880, 1589477926.000000000, 39.821674181, -105.095174811, 0.0141, 1722.1288, 1700.6038, 0.0100, 0.008000, 0.000000000
"vagabund", 184, 1589477928.098522462, 1589477928.000000000, 39.821674167, -105.095174786, 0.0141, 1722.1271, 1700.6022, 0.0100, 0.004000, 0.000000000
"vagabund", 185, 1589477929.100365730, 1589477928.000000000, 39.821674177, -105.095174806, 0.0141, 1722.1255, 1700.6006, 0.0100, 0.004000, 0.000000000
"vagabund", 186, 1589477930.095430145, 1589477929.000000000, 39.821674172, -105.095174799, 0.0141, 1722.1272, 1700.6023, 0.0100, 0.004000, 0.000000000
"vagabund", 187, 1589477931.096458037, 1589477930.000000000, 39.821674228, -105.095174788, 0.0141, 1722.1257, 1700.6008, 0.0100, 0.007000, 0.000000000
"vagabund", 188, 1589477932.099566314, 1589477932.000000000, 39.821674231, -105.095174783, 0.0141, 1722.1247, 1700.5998, 0.0100, 0.005000, 0.000000000
"vagabund", 189, 1589477933.096387630, 1589477932.000000000, 39.821674210, -105.095174783, 0.0141, 1722.1236, 1700.5986, 0.0100, 0.005000, 0.000000000
"vagabund", 190, 1589477934.101768753, 1589477933.000000000, 39.821674198, -105.095174792, 0.0141, 1722.1237, 1700.5988, 0.0100, 0.007000, 0.000000000
"vagabund", 191, 1589477935.091834980, 1589477935.000000000, 39.821674172, -105.095174784, 0.0141, 1722.1266, 1700.6017, 0.0100, 0.007000, 0.000000000
"vagabund", 192, 1589477936.096853398, 1589477936.000000000, 39.821674188, -105.095174782, 0.0141, 1722.1231, 1700.5982, 0.0100, 0.008000, 0.000000000
"vagabund", 193, 1589477937.095892003, 1589477937.000000000, 39.821674190, -105.095174765, 0.0141, 1722.1250, 1700.6001, 0.0100, 0.005000, 0.000000000
"vagabund", 194, 1589477938.097025161, 1589477938.000000000, 39.821674197, -105.095174804, 0.0141, 1722.1281, 1700.6032, 0.0100, 0.006000, 0.000000000
"vagabund", 195, 1589477939.093842049, 1589477938.000000000, 39.821674191, -105.095174798, 0.0141, 1722.1270, 1700.6020, 0.0100, 0.006000, 0.000000000
"vagabund", 196, 1589477940.099833341, 1589477939.000000000, 39.821674230, -105.095174788, 0.0141, 1722.1295, 1700.6046, 0.0100, 0.013000, 0.000000000
"vagabund", 197, 1589477941.099106051, 1589477941.000000000, 39.821674219, -105.095174793, 0.0141, 1722.1247, 1700.5998, 0.0100, 0.004000, 0.000000000
"vagabund", 198, 1589477942.095141537, 1589477942.000000000, 39.821674193, -105.095174754, 0.0141, 1722.1284, 1700.6034, 0.0100, 0.014000, 0.000000000
"vagabund", 199, 1589477943.095053348, 1589477943.000000000, 39.821671174, -105.095179345, 0.0141, 1722.3368, 1700.8119, 0.0100, 1.570000, 230.480000000
"vagabund", 200, 1589477944.094099517, 1589477944.000000000, 39.821664637, -105.095186993, 0.0141, 1722.3773, 1700.8523, 0.0100, 2.006000, 211.200000000
"vagabund", 201, 1589477945.096116307, 1589477945.000000000, 39.821658529, -105.095195085, 0.0141, 1722.3755, 1700.8506, 0.0100, 1.925000, 216.580000000
"vagabund", 202, 1589477946.100144468, 1589477946.000000000, 39.821651216, -105.095202761, 0.0141, 1722.3832, 1700.8583, 0.0100, 1.865000, 218.080000000
"vagabund", 203, 1589477947.096934505, 1589477946.000000000, 39.821642763, -105.095209480, 0.0141, 1722.3769, 1700.8520, 0.0100, 1.865000, 218.080000000
"vagabund", 204, 1589477948.104875511, 1589477948.000000000, 39.821634832, -105.095214930, 0.0141, 1722.3420, 1700.8171, 0.0100, 1.822000, 209.840000000
"vagabund", 205, 1589477949.096263586, 1589477948.000000000, 39.821626943, -105.095219641, 0.0141, 1722.2975, 1700.7726, 0.0100, 1.822000, 209.840000000
"vagabund", 206, 1589477950.101095040, 1589477949.000000000, 39.821619778, -105.095223853, 0.0141, 1722.2874, 1700.7625, 0.0100, 2.176000, 197.160000000
"vagabund", 207, 1589477951.096515185, 1589477951.000000000, 39.821611937, -105.095227722, 0.0141, 1722.2563, 1700.7314, 0.0100, 1.638000, 205.110000000
"vagabund", 208, 1589477952.097627176, 1589477952.000000000, 39.821604546, -105.095231467, 0.0141, 1722.2209, 1700.6960, 0.0100, 1.648000, 205.500000000
"vagabund", 209, 1589477953.091457037, 1589477953.000000000, 39.821599126, -105.095233697, 0.0141, 1722.2386, 1700.7137, 0.0100, 1.139000, 191.220000000
"vagabund", 210, 1589477954.095752060, 1589477954.000000000, 39.821597213, -105.095235237, 0.0141, 1722.4304, 1700.9055, 0.0100, 0.413000, 221.030000000
"vagabund", 211, 1589477955.096692308, 1589477955.000000000, 39.821596349, -105.095235894, 0.0141, 1722.4854, 1700.9605, 0.0100, 0.443000, 160.310000000
"vagabund", 212, 1589477956.106707311, 1589477956.000000000, 39.821592934, -105.095231964, 0.0141, 1722.4079, 1700.8830, 0.0100, 0.592000, 124.180000000
"vagabund", 213, 1589477957.097625209, 1589477957.000000000, 39.821593588, -105.095229163, 0.0141, 1722.4131, 1700.8881, 0.0100, 0.641000, 78.460000000
"vagabund", 214, 1589477958.106537389, 1589477958.000000000, 39.821593332, -105.095222770, 0.0141, 1722.4419, 1700.9170, 0.0100, 1.383000, 106.570000000
"vagabund", 215, 1589477959.097686517, 1589477959.000000000, 39.821591555, -105.095214007, 0.0141, 1722.4749, 1700.9500, 0.0100, 1.471000, 99.680000000
"vagabund", 216, 1589477960.095699762, 1589477959.000000000, 39.821590737, -105.095203584, 0.0141, 1722.4501, 1700.9251, 0.0100, 1.471000, 99.680000000
"vagabund", 217, 1589477961.096703158, 1589477960.000000000, 39.821591849, -105.095191692, 0.0141, 1722.4421, 1700.9172, 0.0100, 1.672000, 90.410000000
"vagabund", 218, 1589477962.091637435, 1589477961.000000000, 39.821593990, -105.095179967, 0.0141, 1722.5018, 1700.9768, 0.0100, 2.082000, 87.720000000
"vagabund", 219, 1589477963.095649588, 1589477962.000000000, 39.821594893, -105.095169670, 0.0141, 1722.5712, 1701.0463, 0.0100, 1.984000, 77.020000000
"vagabund", 220, 1589477964.115224278, 1589477964.000000000, 39.821593819, -105.095158901, 0.0141, 1722.5377, 1701.0128, 0.0100, 1.842000, 95.310000000
"vagabund", 221, 1589477965.099705487, 1589477964.000000000, 39.821593657, -105.095147224, 0.0141, 1722.5455, 1701.0205, 0.0100, 1.842000, 95.310000000
"vagabund", 222, 1589477966.101226879, 1589477966.000000000, 39.821594808, -105.095135683, 0.0141, 1722.5349, 1701.0099, 0.0100, 1.944000, 89.370000000
"vagabund", 223, 1589477967.100878179, 1589477966.000000000, 39.821595798, -105.095123603, 0.0141, 1722.5507, 1701.0257, 0.0100, 1.944000, 89.370000000
"vagabund", 224, 1589477968.104817114, 1589477967.000000000, 39.821597077, -105.095110858, 0.0141, 1722.4802, 1700.9552, 0.0100, 1.933000, 79.800000000
"vagabund", 225, 1589477969.098009096, 1589477969.000000000, 39.821598282, -105.095101074, 0.0141, 1722.5284, 1701.0033, 0.0100, 1.636000, 80.760000000
"vagabund", 226, 1589477970.098251810, 1589477970.000000000, 39.821600353, -105.095091873, 0.0141, 1722.5025, 1700.9775, 0.0100, 1.760000, 75.060000000
"vagabund", 227, 1589477971.092108007, 1589477971.000000000, 39.821604548, -105.095082911, 0.0141, 1722.5677, 1701.0427, 0.0100, 1.662000, 43.140000000
"vagabund", 228, 1589477972.097728295, 1589477972.000000000, 39.821610027, -105.095073924, 0.0141, 1722.5813, 1701.0563, 0.0100, 2.041000, 49.130000000
"vagabund", 229, 1589477973.102126167, 1589477972.000000000, 39.821617364, -105.095066471, 0.0141, 1722.5732, 1701.0482, 0.0100, 2.041000, 49.130000000
"vagabund", 230, 1589477974.118578810, 1589477974.000000000, 39.821623838, -105.095061143, 0.0141, 1722.6251, 1701.1001, 0.0100, 1.411000, 40.410000000
"vagabund", 231, 1589477975.098484582, 1589477975.000000000, 39.821629353, -105.095057117, 0.0141, 1722.6196, 1701.0946, 0.0100, 1.509000, 17.470000000
"vagabund", 232, 1589477976.104123677, 1589477975.000000000, 39.821636263, -105.095054958, 0.0141, 1722.6272, 1701.1022, 0.0100, 1.509000, 17.470000000
"vagabund", 233, 1589477977.102726763, 1589477977.000000000, 39.821644717, -105.095055255, 0.0141, 1722.6269, 1701.1019, 0.0100, 1.705000, 2.680000000
"vagabund", 234, 1589477978.096404471, 1589477978.000000000, 39.821652858, -105.095055928, 0.0141, 1722.6709, 1701.1459, 0.0100, 1.729000, 347.440000000
"vagabund", 235, 1589477979.096445544, 1589477979.000000000, 39.821661103, -105.095056031, 0.0141, 1722.6757, 1701.1507, 0.0100, 1.855000, 0.900000000
"vagabund", 236, 1589477980.096714192, 1589477980.000000000, 39.821669846, -105.095056184, 0.0141, 1722.6279, 1701.1029, 0.0100, 1.901000, 0.820000000
"vagabund", 237, 1589477981.097362709, 1589477981.000000000, 39.821677381, -105.095056110, 0.0141, 1722.6357, 1701.1107, 0.0100, 1.577000, 7.420000000
"vagabund", 238, 1589477982.102392714, 1589477982.000000000, 39.821685042, -105.095055282, 0.0141, 1722.6379, 1701.1129, 0.0100, 1.632000, 355.610000000
"vagabund", 239, 1589477983.099185901, 1589477982.000000000, 39.821692677, -105.095054803, 0.0141, 1722.6598, 1701.1348, 0.0100, 1.632000, 355.610000000
"vagabund", 240, 1589477984.098628394, 1589477984.000000000, 39.821700424, -105.095054421, 0.0141, 1722.6155, 1701.0906, 0.0100, 1.710000, 6.640000000
"vagabund", 241, 1589477985.096597375, 1589477984.000000000, 39.821707840, -105.095055009, 0.0141, 1722.6690, 1701.1441, 0.0100, 1.710000, 6.640000000
"vagabund", 242, 1589477986.099224725, 1589477986.000000000, 39.821715117, -105.095054756, 0.0141, 1722.6620, 1701.1370, 0.0100, 1.695000, 359.020000000
"vagabund", 243, 1589477987.102907485, 1589477987.000000000, 39.821722658, -105.095055088, 0.0141, 1722.6788, 1701.1539, 0.0100, 1.572000, 5.600000000
"vagabund", 244, 1589477988.104637450, 1589477987.000000000, 39.821730382, -105.095055245, 0.0141, 1722.6966, 1701.1716, 0.0100, 1.572000, 5.600000000
"vagabund", 245, 1589477989.094995103, 1589477989.000000000, 39.821738942, -105.095055207, 0.0141, 1722.6596, 1701.1347, 0.0100, 1.805000, 355.870000000
"vagabund", 246, 1589477990.097245638, 1589477990.000000000, 39.821746565, -105.095054140, 0.0141, 1722.6558, 1701.1309, 0.0100, 1.725000, 8.990000000
"vagabund", 247, 1589477991.096826381, 1589477991.000000000, 39.821754743, -105.095053349, 0.0141, 1722.6693, 1701.1444, 0.0100, 1.878000, 9.230000000
"vagabund", 248, 1589477992.098793767, 1589477992.000000000, 39.821762406, -105.095053346, 0.0141, 1722.6905, 1701.1656, 0.0100, 1.629000, 351.930000000
"vagabund", 249, 1589477993.097842033, 1589477993.000000000, 39.821771884, -105.095054190, 0.0141, 1722.6718, 1701.1469, 0.0100, 2.028000, 354.140000000
"vagabund", 250, 1589477994.117401260, 1589477994.000000000, 39.821779703, -105.095054545, 0.0141, 1722.6622, 1701.1372, 0.0100, 1.712000, 4.110000000
"vagabund", 251, 1589477995.103896063, 1589477995.000000000, 39.821787601, -105.095054602, 0.0141, 1722.6809, 1701.1560, 0.0100, 1.710000, 359.460000000
"vagabund", 252, 1589477996.098882145, 1589477996.000000000, 39.821796570, -105.095055696, 0.0141, 1722.6869, 1701.1620, 0.0100, 1.998000, 348.810000000
"vagabund", 253, 1589477997.099247602, 1589477997.000000000, 39.821805242, -105.095054892, 0.0141, 1722.6511, 1701.1261, 0.0100, 1.879000, 3.210000000
"vagabund", 254, 1589477998.088962027, 1589477998.000000000, 39.821813989, -105.095054142, 0.0141, 1722.6544, 1701.1295, 0.0100, 1.819000, 11.850000000
"vagabund", 255, 1589477999.101899351, 1589477998.000000000, 39.821822192, -105.095054865, 0.0141, 1722.6868, 1701.1619, 0.0100, 1.819000, 11.850000000
"vagabund", 256, 1589478000.105257440, 1589478000.000000000, 39.821831035, -105.095055643, 0.0141, 1722.6765, 1701.1516, 0.0100, 1.875000, 352.610000000
"vagabund", 257, 1589478001.104463205, 1589478001.000000000, 39.821839544, -105.095056024, 0.0141, 1722.6985, 1701.1736, 0.0100, 1.809000, 0.510000000
"vagabund", 258, 1589478002.105128505, 1589478002.000000000, 39.821847628, -105.095055102, 0.0141, 1722.7050, 1701.1801, 0.0100, 2.007000, 6.100000000
"vagabund", 259, 1589478003.096558074, 1589478003.000000000, 39.821856083, -105.095054986, 0.0141, 1722.7313, 1701.2064, 0.0100, 1.668000, 11.810000000
"vagabund", 260, 1589478004.097121173, 1589478003.000000000, 39.821863143, -105.095053028, 0.0141, 1722.6877, 1701.1628, 0.0100, 1.668000, 11.810000000
"vagabund", 261, 1589478005.096399468, 1589478005.000000000, 39.821870274, -105.095052987, 0.0141, 1722.6762, 1701.1513, 0.0100, 1.392000, 358.300000000
"vagabund", 262, 1589478006.098579678, 1589478006.000000000, 39.821877600, -105.095053957, 0.0141, 1722.6710, 1701.1461, 0.0100, 1.819000, 355.080000000
"vagabund", 263, 1589478007.094975860, 1589478006.000000000, 39.821884299, -105.095055385, 0.0141, 1722.7386, 1701.2137, 0.0100, 1.819000, 355.080000000
"vagabund", 264, 1589478008.099546899, 1589478008.000000000, 39.821892401, -105.095056107, 0.0141, 1722.7452, 1701.2204, 0.0100, 1.772000, 349.410000000
"vagabund", 265, 1589478009.116699358, 1589478009.000000000, 39.821901025, -105.095055989, 0.0141, 1722.7271, 1701.2022, 0.0100, 1.891000, 9.480000000
"vagabund", 266, 1589478010.098627281, 1589478010.000000000, 39.821908912, -105.095054735, 0.0141, 1722.7201, 1701.1952, 0.0100, 1.770000, 12.910000000
"vagabund", 267, 1589478011.098435870, 1589478011.000000000, 39.821915807, -105.095055375, 0.0141, 1722.7650, 1701.2402, 0.0100, 1.398000, 347.810000000
"vagabund", 268, 1589478012.099310756, 1589478011.000000000, 39.821921024, -105.095060712, 0.0141, 1722.7750, 1701.2501, 0.0124, 1.398000, 347.810000000
"vagabund", 269, 1589478013.101451371, 1589478013.000000000, 39.821920162, -105.095071357, 0.0141, 1722.7794, 1701.2546, 0.0130, 1.643000, 265.270000000
"vagabund", 270, 1589478014.091818235, 1589478014.000000000, 39.821922661, -105.095081589, 0.0141, 1722.7909, 1701.2660, 0.0119, 1.822000, 289.470000000
"vagabund", 271, 1589478015.099088599, 1589478015.000000000, 39.821926328, -105.095092762, 0.0141, 1722.8249, 1701.3001, 0.0132, 2.213000, 291.500000000
"vagabund", 272, 1589478016.086488615, 1589478015.000000000, 39.821928902, -105.095103622, 0.0141, 1722.8529, 1701.3281, 0.0119, 2.213000, 291.500000000
"vagabund", 273, 1589478017.106536462, 1589478017.000000000, 39.821930347, -105.095115913, 0.0141, 1722.8138, 1701.2889, 0.0118, 2.265000, 280.640000000
"vagabund", 274, 1589478018.099443998, 1589478017.000000000, 39.821930753, -105.095127507, 0.0141, 1722.7501, 1701.2253, 0.0107, 2.265000, 280.640000000
"vagabund", 275, 1589478019.097762674, 1589478019.000000000, 39.821931179, -105.095139551, 0.0141, 1722.7726, 1701.2477, 0.0109, 1.904000, 265.010000000
"vagabund", 276, 1589478020.105057887, 1589478019.000000000, 39.821931944, -105.095151642, 0.0141, 1722.7543, 1701.2295, 0.0100, 1.904000, 265.010000000
"vagabund", 277, 1589478021.120647118, 1589478021.000000000, 39.821932281, -105.095163107, 0.0141, 1722.7531, 1701.2283, 0.0100, 1.914000, 273.990000000
"vagabund", 278, 1589478022.097072694, 1589478022.000000000, 39.821931738, -105.095174412, 0.0141, 1722.7610, 1701.2363, 0.0100, 1.829000, 268.020000000
"vagabund", 279, 1589478023.096815610, 1589478023.000000000, 39.821931968, -105.095185318, 0.0141, 1722.7590, 1701.2342, 0.0100, 1.747000, 269.520000000
"vagabund", 280, 1589478024.101031154, 1589478023.000000000, 39.821932392, -105.095197627, 0.0141, 1722.7514, 1701.2266, 0.0100, 1.747000, 269.520000000
"vagabund", 281, 1589478025.095977547, 1589478025.000000000, 39.821932737, -105.095209075, 0.0141, 1722.7580, 1701.2333, 0.0100, 2.048000, 278.310000000
"vagabund", 282, 1589478026.100185897, 1589478026.000000000, 39.821932690, -105.095219834, 0.0141, 1722.7457, 1701.2210, 0.0100, 1.651000, 270.080000000
"vagabund", 283, 1589478027.105211060, 1589478027.000000000, 39.821931774, -105.095231031, 0.0141, 1722.7679, 1701.2432, 0.0100, 1.790000, 257.630000000
"vagabund", 284, 1589478028.099123075, 1589478028.000000000, 39.821932323, -105.095242401, 0.0141, 1722.7516, 1701.2269, 0.0100, 1.923000, 270.160000000
"vagabund", 285, 1589478029.114818215, 1589478029.000000000, 39.821932396, -105.095253365, 0.0141, 1722.7307, 1701.2060, 0.0100, 1.899000, 276.540000000
"vagabund", 286, 1589478030.103743029, 1589478029.000000000, 39.821932137, -105.095264842, 0.0141, 1722.7319, 1701.2072, 0.0100, 1.899000, 276.540000000
"vagabund", 287, 1589478031.098010595, 1589478031.000000000, 39.821931752, -105.095274670, 0.0141, 1722.7281, 1701.2034, 0.0100, 1.322000, 267.910000000
"vagabund", 288, 1589478032.106203656, 1589478031.000000000, 39.821930245, -105.095282243, 0.0141, 1722.7706, 1701.2459, 0.0100, 1.322000, 267.910000000
"vagabund", 289, 1589478033.102203550, 1589478033.000000000, 39.821925988, -105.095285275, 0.0141, 1722.7532, 1701.2285, 0.0100, 0.970000, 182.470000000
"vagabund", 290, 1589478034.094503179, 1589478034.000000000, 39.821921695, -105.095278736, 0.0141, 1722.7789, 1701.2542, 0.0100, 1.541000, 133.190000000
"vagabund", 291, 1589478035.100264852, 1589478035.000000000, 39.821916673, -105.095271793, 0.0141, 1722.8018, 1701.2771, 0.0100, 1.485000, 132.400000000
"vagabund", 292, 1589478036.089194665, 1589478036.000000000, 39.821910908, -105.095266527, 0.0141, 1722.8284, 1701.3036, 0.0100, 1.558000, 145.000000000
"vagabund", 293, 1589478037.089029747, 1589478036.000000000, 39.821905929, -105.095261206, 0.0141, 1722.8115, 1701.2868, 0.0100, 1.558000, 145.000000000
"vagabund", 294, 1589478038.091918568, 1589478037.000000000, 39.821903147, -105.095258092, 0.0141, 1722.7760, 1701.2512, 0.0100, 1.400000, 148.390000000
"vagabund", 295, 1589478039.092338296, 1589478039.000000000, 39.821903174, -105.095257608, 0.0141, 1722.8067, 1701.2819, 0.0100, 0.158000, 0.000000000
"vagabund", 296, 1589478040.090353050, 1589478040.000000000, 39.821900031, -105.095255933, 0.0141, 1722.8195, 1701.2947, 0.0100, 1.128000, 169.430000000
"vagabund", 297, 1589478041.092226924, 1589478040.000000000, 39.821896291, -105.095254389, 0.0141, 1722.8287, 1701.3039, 0.0100, 1.128000, 169.430000000
"vagabund", 298, 1589478042.095598201, 1589478042.000000000, 39.821894435, -105.095253646, 0.0141, 1722.8296, 1701.3048, 0.0100, 0.338000, 179.260000000
"vagabund", 299, 1589478043.083448438, 1589478043.000000000, 39.821894469, -105.095253459, 0.0141, 1722.8476, 1701.3228, 0.0100, 0.023000, 0.000000000
"vagabund", 300, 1589478044.088428291, 1589478044.000000000, 39.821894539, -105.095252904, 0.0141, 1722.8483, 1701.3235, 0.0100, 0.179000, 0.000000000
"vagabund", 301, 1589478045.093439421, 1589478045.000000000, 39.821894700, -105.095252653, 0.0141, 1722.8524, 1701.3277, 0.0100, 0.068000, 0.000000000
"vagabund", 302, 1589478046.088203639, 1589478045.000000000, 39.821894757, -105.095252715, 0.0141, 1722.8547, 1701.3299, 0.0100, 0.068000, 0.000000000
"vagabund", 303, 1589478047.100464664, 1589478047.000000000, 39.821894889, -105.095252245, 0.0141, 1722.8466, 1701.3218, 0.0100, 0.040000, 0.000000000
"vagabund", 304, 1589478048.104585749, 1589478047.000000000, 39.821894337, -105.095252113, 0.0141, 1722.8313, 1701.3066, 0.0100, 0.040000, 0.000000000
"vagabund", 305, 1589478049.118970932, 1589478049.000000000, 39.821889979, -105.095251941, 0.0141, 1722.8255, 1701.3007, 0.0100, 0.992000, 165.010000000
"vagabund", 306, 1589478050.091919953, 1589478049.000000000, 39.821884585, -105.095248902, 0.0141, 1722.7711, 1701.2463, 0.0100, 0.992000, 165.010000000
"vagabund", 307, 1589478051.099663591, 1589478051.000000000, 39.821877643, -105.095245479, 0.0141, 1722.7941, 1701.2693, 0.0100, 1.487000, 155.340000000
"vagabund", 308, 1589478052.100855765, 1589478052.000000000, 39.821869614, -105.095244040, 0.0141, 1722.7532, 1701.2285, 0.0100, 1.909000, 169.730000000
"vagabund", 309, 1589478053.100694291, 1589478053.000000000, 39.821861647, -105.095242696, 0.0141, 1722.7188, 1701.1940, 0.0100, 1.820000, 177.980000000
"vagabund", 310, 1589478054.104481887, 1589478053.000000000, 39.821853454, -105.095240385, 0.0141, 1722.7537, 1701.2290, 0.0100, 1.820000, 177.980000000
"vagabund", 311, 1589478055.105764874, 1589478054.000000000, 39.821844774, -105.095239808, 0.0141, 1722.7269, 1701.2022, 0.0100, 1.706000, 170.860000000
"vagabund", 312, 1589478056.100677862, 1589478056.000000000, 39.821836771, -105.095239580, 0.0141, 1722.7378, 1701.2130, 0.0100, 1.800000, 175.620000000
"vagabund", 313, 1589478057.107979675, 1589478057.000000000, 39.821828060, -105.095239902, 0.0141, 1722.6676, 1701.1428, 0.0100, 2.027000, 189.940000000
"vagabund", 314, 1589478058.105862833, 1589478058.000000000, 39.821819880, -105.095239157, 0.0141, 1722.6825, 1701.1577, 0.0100, 1.662000, 179.320000000
"vagabund", 315, 1589478059.098768523, 1589478058.000000000, 39.821810785, -105.095239435, 0.0141, 1722.6406, 1701.1159, 0.0100, 1.662000, 179.320000000
"vagabund", 316, 1589478060.102752853, 1589478059.000000000, 39.821802210, -105.095239899, 0.0141, 1722.6604, 1701.1356, 0.0100, 1.996000, 172.240000000
"vagabund", 317, 1589478061.095049891, 1589478061.000000000, 39.821793263, -105.095239055, 0.0141, 1722.6126, 1701.0878, 0.0100, 2.215000, 180.680000000
"vagabund", 318, 1589478062.101108175, 1589478062.000000000, 39.821784805, -105.095238824, 0.0141, 1722.6459, 1701.1211, 0.0100, 1.554000, 176.860000000
"vagabund", 319, 1589478063.104973734, 1589478063.000000000, 39.821778421, -105.095239918, 0.0141, 1722.6276, 1701.1028, 0.0100, 1.273000, 181.420000000
"vagabund", 320, 1589478064.101065625, 1589478064.000000000, 39.821772179, -105.095239672, 0.0141, 1722.6264, 1701.1016, 0.0100, 1.392000, 181.660000000
"vagabund", 321, 1589478065.104121279, 1589478065.000000000, 39.821765547, -105.095239491, 0.0141, 1722.6347, 1701.1099, 0.0100, 1.489000, 177.180000000
"vagabund", 322, 1589478066.109004238, 1589478066.000000000, 39.821757873, -105.095240406, 0.0141, 1722.6294, 1701.1045, 0.0100, 1.642000, 181.700000000
"vagabund", 323, 1589478067.109086610, 1589478067.000000000, 39.821749756, -105.095240413, 0.0141, 1722.5926, 1701.0678, 0.0100, 1.889000, 186.710000000
"vagabund", 324, 1589478068.111073476, 1589478068.000000000, 39.821742443, -105.095239610, 0.0141, 1722.6194, 1701.0946, 0.0100, 1.547000, 171.650000000
"vagabund", 325, 1589478069.105024120, 1589478068.000000000, 39.821733903, -105.095240031, 0.0141, 1722.5716, 1701.0467, 0.0100, 1.547000, 171.650000000
"vagabund", 326, 1589478070.096162188, 1589478069.000000000, 39.821726074, -105.095239603, 0.0141, 1722.5772, 1701.0524, 0.0100, 1.752000, 178.360000000
"vagabund", 327, 1589478071.103533470, 1589478071.000000000, 39.821717942, -105.095239132, 0.0141, 1722.6057, 1701.0809, 0.0100, 1.631000, 181.910000000
"vagabund", 328, 1589478072.103349894, 1589478072.000000000, 39.821709313, -105.095239006, 0.0141, 1722.5651, 1701.0403, 0.0100, 1.916000, 171.140000000
"vagabund", 329, 1589478073.104017303, 1589478072.000000000, 39.821701475, -105.095239483, 0.0141, 1722.5861, 1701.0612, 0.0100, 1.916000, 171.140000000
"vagabund", 330, 1589478074.102624494, 1589478073.000000000, 39.821693259, -105.095240026, 0.0141, 1722.5598, 1701.0349, 0.0100, 1.647000, 184.300000000
"vagabund", 331, 1589478075.103407800, 1589478075.000000000, 39.821685175, -105.095239688, 0.0141, 1722.5871, 1701.0622, 0.0100, 1.533000, 173.740000000
"vagabund", 332, 1589478076.108362207, 1589478076.000000000, 39.821677973, -105.095240691, 0.0141, 1722.5491, 1701.0243, 0.0100, 1.355000, 182.780000000
"vagabund", 333, 1589478077.101393343, 1589478077.000000000, 39.821674069, -105.095240211, 0.0141, 1722.5189, 1700.9940, 0.0100, 0.795000, 173.800000000
"vagabund", 334, 1589478078.101225474, 1589478077.000000000, 39.821668028, -105.095238377, 0.0141, 1722.5643, 1701.0394, 0.0100, 0.795000, 173.800000000
"vagabund", 335, 1589478079.101992915, 1589478079.000000000, 39.821660979, -105.095237364, 0.0141, 1722.5838, 1701.0590, 0.0100, 1.584000, 174.590000000
"vagabund", 336, 1589478080.102831691, 1589478079.000000000, 39.821653388, -105.095237414, 0.0141, 1722.5290, 1701.0041, 0.0100, 1.584000, 174.590000000
"vagabund", 337, 1589478081.109585819, 1589478081.000000000, 39.821645537, -105.095237750, 0.0141, 1722.5262, 1701.0014, 0.0100, 1.647000, 181.150000000
"vagabund", 338, 1589478082.113837534, 1589478082.000000000, 39.821637989, -105.095239323, 0.0141, 1722.4969, 1700.9720, 0.0100, 1.580000, 183.440000000
"vagabund", 339, 1589478083.101566004, 1589478083.000000000, 39.821629993, -105.095239927, 0.0141, 1722.4657, 1700.9409, 0.0100, 1.915000, 188.090000000
"vagabund", 340, 1589478084.107490731, 1589478084.000000000, 39.821621487, -105.095239413, 0.0141, 1722.4546, 1700.9297, 0.0100, 1.688000, 177.070000000
"vagabund", 341, 1589478085.092740055, 1589478085.000000000, 39.821614602, -105.095239700, 0.0141, 1722.4462, 1700.9213, 0.0100, 1.432000, 178.800000000
"vagabund", 342, 1589478086.101632819, 1589478086.000000000, 39.821607859, -105.095239264, 0.0141, 1722.4310, 1700.9061, 0.0100, 1.548000, 179.780000000
"vagabund", 343, 1589478087.103441629, 1589478086.000000000, 39.821601579, -105.095237914, 0.0141, 1722.4385, 1700.9136, 0.0100, 1.548000, 179.780000000
"vagabund", 344, 1589478088.093541872, 1589478087.000000000, 39.821595683, -105.095235300, 0.0141, 1722.4661, 1700.9412, 0.0100, 1.400000, 168.650000000
"vagabund", 345, 1589478089.101722635, 1589478089.000000000, 39.821591885, -105.095227158, 0.0141, 1722.4668, 1700.9419, 0.0100, 1.480000, 97.220000000
"vagabund", 346, 1589478090.113518236, 1589478089.000000000, 39.821597538, -105.095221461, 0.0141, 1722.4496, 1700.9246, 0.0100, 1.480000, 97.220000000
"vagabund", 347, 1589478091.101480937, 1589478090.000000000, 39.821605131, -105.095218041, 0.0141, 1722.4402, 1700.9153, 0.0100, 1.535000, 24.340000000
"vagabund", 348, 1589478092.103022407, 1589478091.000000000, 39.821613338, -105.095213943, 0.0141, 1722.4974, 1700.9725, 0.0100, 1.752000, 9.080000000
"vagabund", 349, 1589478093.102021208, 1589478092.000000000, 39.821621219, -105.095210524, 0.0141, 1722.4700, 1700.9450, 0.0100, 1.901000, 20.810000000
"vagabund", 350, 1589478094.137015167, 1589478094.000000000, 39.821628541, -105.095206787, 0.0141, 1722.5425, 1701.0176, 0.0100, 1.686000, 17.710000000
"vagabund", 351, 1589478095.101862382, 1589478095.000000000, 39.821635974, -105.095202037, 0.0141, 1722.5598, 1701.0348, 0.0100, 1.719000, 19.740000000
"vagabund", 352, 1589478096.114051624, 1589478096.000000000, 39.821643771, -105.095197447, 0.0141, 1722.5103, 1700.9854, 0.0100, 2.111000, 32.900000000
"vagabund", 353, 1589478097.098986821, 1589478097.000000000, 39.821652520, -105.095191226, 0.0141, 1722.5401, 1701.0152, 0.0100, 2.089000, 31.870000000
"vagabund", 354, 1589478098.108927808, 1589478098.000000000, 39.821659374, -105.095185929, 0.0141, 1722.6300, 1701.1051, 0.0100, 1.674000, 23.840000000
"vagabund", 355, 1589478099.102092232, 1589478099.000000000, 39.821666781, -105.095181090, 0.0141, 1722.6358, 1701.1109, 0.0100, 1.815000, 26.830000000
"vagabund", 356, 1589478100.104052209, 1589478100.000000000, 39.821672487, -105.095176833, 0.0141, 1722.5195, 1700.9946, 0.0100, 1.404000, 39.610000000
"vagabund", 357, 1589478101.102308978, 1589478101.000000000, 39.821674557, -105.095174684, 0.0141, 1722.1946, 1700.6697, 0.0100, 0.113000, 0.000000000
"vagabund", 358, 1589478102.102697174, 1589478101.000000000, 39.821674135, -105.095174460, 0.0141, 1722.1377, 1700.6128, 0.0100, 0.113000, 0.000000000
"vagabund", 359, 1589478103.101811112, 1589478102.000000000, 39.821674407, -105.095174556, 0.0141, 1722.1597, 1700.6348, 0.0100, 0.033000, 0.000000000
"vagabund", 360, 1589478104.101782756, 1589478103.000000000, 39.821674569, -105.095174553, 0.0141, 1722.1360, 1700.6111, 0.0100, 0.114000, 0.000000000
"vagabund", 361, 1589478105.099980394, 1589478104.000000000, 39.821674568, -105.095174592, 0.0141, 1722.1443, 1700.6194, 0.0100, 0.037000, 0.000000000
"vagabund", 362, 1589478106.099615539, 1589478106.000000000, 39.821674559, -105.095174600, 0.0141, 1722.1348, 1700.6098, 0.0100, 0.008000, 0.000000000
"vagabund", 363, 1589478107.099752396, 1589478106.000000000, 39.821674581, -105.095174586, 0.0141, 1722.1357, 1700.6108, 0.0100, 0.008000, 0.000000000
"vagabund", 364, 1589478108.110222380, 1589478108.000000000, 39.821674562, -105.095174603, 0.0141, 1722.1332, 1700.6082, 0.0100, 0.007000, 0.000000000
"vagabund", 365, 1589478109.107132221, 1589478109.000000000, 39.821674581, -105.095174609, 0.0141, 1722.1308, 1700.6059, 0.0100, 0.007000, 0.000000000
"vagabund", 366, 1589478110.105031854, 1589478109.000000000, 39.821674568, -105.095174629, 0.0141, 1722.1335, 1700.6086, 0.0100, 0.007000, 0.000000000
"vagabund", 367, 1589478111.100080851, 1589478110.000000000, 39.821674554, -105.095174588, 0.0141, 1722.1364, 1700.6115, 0.0100, 0.007000, 0.000000000
"vagabund", 368, 1589478112.102158803, 1589478112.000000000, 39.821674558, -105.095174595, 0.0141, 1722.1404, 1700.6154, 0.0100, 0.005000, 0.000000000
"vagabund", 369, 1589478113.105077743, 1589478113.000000000, 39.821674584, -105.095174657, 0.0141, 1722.1376, 1700.6127, 0.0100, 0.008000, 0.000000000
"vagabund", 370, 1589478114.111351201, 1589478114.000000000, 39.821674546, -105.095174674, 0.0141, 1722.1418, 1700.6169, 0.0100, 0.007000, 0.000000000
"vagabund", 371, 1589478115.104345830, 1589478115.000000000, 39.821674574, -105.095174673, 0.0141, 1722.1421, 1700.6172, 0.0100, 0.002000, 0.000000000
"vagabund", 372, 1589478116.104311080, 1589478116.000000000, 39.821674584, -105.095174637, 0.0141, 1722.1350, 1700.6100, 0.0100, 0.005000, 0.000000000
"vagabund", 373, 1589478117.102684048, 1589478116.000000000, 39.821674588, -105.095174635, 0.0141, 1722.1398, 1700.6149, 0.0100, 0.005000, 0.000000000
"vagabund", 374, 1589478118.103370217, 1589478117.000000000, 39.821674592, -105.095174645, 0.0141, 1722.1346, 1700.6097, 0.0100, 0.005000, 0.000000000
"vagabund", 375, 1589478119.102193735, 1589478118.000000000, 39.821674580, -105.095174638, 0.0141, 1722.1373, 1700.6124, 0.0100, 0.003000, 0.000000000
"vagabund", 376, 1589478120.106314877, 1589478120.000000000, 39.821674595, -105.095174635, 0.0141, 1722.1386, 1700.6137, 0.0100, 0.005000, 0.000000000
"vagabund", 377, 1589478121.102110244, 1589478120.000000000, 39.821674602, -105.095174662, 0.0141, 1722.1380, 1700.6131, 0.0100, 0.005000, 0.000000000
"vagabund", 378, 1589478122.110783668, 1589478122.000000000, 39.821674588, -105.095174654, 0.0141, 1722.1392, 1700.6143, 0.0100, 0.008000, 0.000000000
"vagabund", 379, 1589478123.105760504, 1589478123.000000000, 39.821674578, -105.095174646, 0.0141, 1722.1383, 1700.6134, 0.0100, 0.004000, 0.000000000
"vagabund", 380, 1589478124.111441193, 1589478124.000000000, 39.821674589, -105.095174656, 0.0141, 1722.1394, 1700.6145, 0.0100, 0.005000, 0.000000000
"vagabund", 381, 1589478125.102707681, 1589478124.000000000, 39.821674596, -105.095174648, 0.0141, 1722.1402, 1700.6152, 0.0100, 0.005000, 0.000000000
"vagabund", 382, 1589478126.103582329, 1589478126.000000000, 39.821674579, -105.095174641, 0.0141, 1722.1356, 1700.6106, 0.0100, 0.006000, 0.000000000
"vagabund", 383, 1589478127.102474691, 1589478126.000000000, 39.821674582, -105.095174660, 0.0141, 1722.1398, 1700.6149, 0.0100, 0.006000, 0.000000000
"vagabund", 384, 1589478128.103018576, 1589478128.000000000, 39.821674570, -105.095174661, 0.0141, 1722.1416, 1700.6167, 0.0100, 0.002000, 0.000000000
